1-09-2023

Q1. WAQTD NAME OF EMP WHO IS GETTING A SAL MORE THAN ALL THE SALESMAN.

SQL> SELECT ENAME, SAL, JOB FROM EMP
  2  WHERE SAL > ALL
  3  (SELECT SAL FROM EMP
  4  WHERE JOB = 'SALESMAN');

               OR

SQL> SELECT ENAME, SAL, JOB FROM EMP
  2  WHERE SAL >
  3  (SELECT MAX(SAL) FROM EMP
  4  WHERE JOB = 'SALESMAN');

ENAME             SAL JOB
---------- ---------- ---------
JONES            2975 MANAGER
BLAKE            2850 MANAGER
CLARK            2450 MANAGER
SCOTT            3000 ANALYST
KING             5000 PRESIDENT
FORD             3000 ANALYST

6 rows selected.

*)SUB-QUERY OPERATER :-
-ALL
-ANY
-EXISTS
-NOT EXISTS

*> ALL OPERATOR :-
- IT RETURNS TRUE IF ALL THE VALUES AT THE RHS SATISFIES THE CONDITION.

Q2. WAQTD NAME OF EMP WHO IS GETTING A SAL MORE THAN ALL THE MANAGERS.

SQL> SELECT ENAME, SAL FROM EMP
  2  WHERE SAL > ALL
  3  (SELECT SAL FROM EMP
  4  WHERE JOB = 'MANAGER');

ENAME             SAL
---------- ----------
SCOTT            3000
KING             5000
FORD             3000

Q3. WAQTD NAME OF EMP WHO IS GETTING SAL LESS THAN ALL THE CLERK.

SQL> SELECT ENAME, SAL FROM EMP
  2  WHERE SAL < ALL
  3  (SELECT SAL FROM EMP
  4  WHERE JOB = 'CLERK');

no rows selected

Q4. WAQTD NAME OF EMP WHO IS HIRED AFTER ALL THE MANAGERS.

SQL> SELECT ENAME, HIREDATE FROM EMP
  2  WHERE HIREDATE >
  3  ALL(SELECT HIREDATE FROM EMP
  4  WHERE JOB = 'MANAGER');

ENAME      HIREDATE
---------- ---------
MARTIN     28-SEP-81
SCOTT      19-APR-87
KING       17-NOV-81
TURNER     08-SEP-81
ADAMS      23-MAY-87
JAMES      03-DEC-81
FORD       03-DEC-81
MILLER     23-JAN-82

8 rows selected.

*>ANY OPRATER :-
-IT RETURNS TRUE IF ANY ONE OF THE VALUES AT THE RHS SATISFIES THE CONDITION.

Q5. WAQTD NAME OF EMP WHO IS GETTING A SAL LESS THAN ANY OF THE SALESMAN.

SQL> SELECT ENAME, SAL FROM EMP
  2  WHERE SAL < ANY
  3  (SELECT SAL FROM EMP
  4  WHERE JOB = 'SALESMAN');

ENAME             SAL
---------- ----------
SMITH             800
JAMES             950
ADAMS            1100
WARD             1250
MARTIN           1250
MILLER           1300
TURNER           1500

7 rows selected.

Q6. WAQTD NAME OF THE EMP WHO IS HIRED BEFORE ANY OF THE ANALYST.

SQL> SELECT ENAME, HIREDATE FROM EMP
  2  WHERE HIREDATE < ANY
  3  (SELECT HIREDATE FROM EMP
  4  WHERE JOB = 'ANALYST');

ENAME      HIREDATE
---------- ---------
SMITH      17-DEC-80
ALLEN      20-FEB-81
WARD       22-FEB-81
JONES      02-APR-81
BLAKE      01-MAY-81
CLARK      09-JUN-81
TURNER     08-SEP-81
MARTIN     28-SEP-81
KING       17-NOV-81
JAMES      03-DEC-81
FORD       03-DEC-81
MILLER     23-JAN-82

12 rows selected.

Q7. WAQTD NAME OF EMP WHO IS GETTING A COMM LESS THAN MANAGER.

SQL> SELECT ENAME, COMM FROM EMP
  2  WHERE COMM < ANY
  3  (SELECT COMM FROM EMP
  4  WHERE JOB = 'MANAGER');

no rows selected





























































































