18-09-2023

*)VIEW:-

SQL> create view v as
  2  select sal, ename 
  3  from emp;

View created.

SQL> select * from v;

       SAL ENAME
---------- ----------
       800 SMITH
      1600 ALLEN
      1250 WARD
      2975 JONES
      1250 MARTIN
      2850 BLAKE
      2450 CLARK
      3000 SCOTT
      5000 KING
      1500 TURNER
      1100 ADAMS
       950 JAMES
      3000 FORD
      1300 MILLER

14 rows selected.

*********************************************************************

*)INDEX:-

SQL> CREATE INDEX I
  2  ON EMP(ENAME, SAL, JOB);

Index created.


SQL> SET AUTOTRACE ON;
SQL> SELECT ENAME, SAL, JOB
  2  FROM EMP;

ENAME             SAL JOB
---------- ---------- ---------
SMITH             800 CLERK
ALLEN            1600 SALESMAN
WARD             1250 SALESMAN
JONES            2975 MANAGER
MARTIN           1250 SALESMAN
BLAKE            2850 MANAGER
CLARK            2450 MANAGER
SCOTT            3000 ANALYST
KING             5000 PRESIDENT
TURNER           1500 SALESMAN
ADAMS            1100 CLERK
JAMES             950 CLERK
FORD             3000 ANALYST
MILLER           1300 CLERK

14 rows selected.


Execution Plan
----------------------------------------------------------
Plan hash value: 3956160932

--------------------------------------------------------------------------
| Id  | Operation         | Name | Rows  | Bytes | Cost (%CPU)| Time     |
--------------------------------------------------------------------------
|   0 | SELECT STATEMENT  |      |    14 |   252 |     3   (0)| 00:00:01 |
|   1 |  TABLE ACCESS FULL| EMP  |    14 |   252 |     3   (0)| 00:00:01 |
--------------------------------------------------------------------------


Statistics
----------------------------------------------------------
          0  recursive calls
          0  db block gets
          8  consistent gets
          0  physical reads
          0  redo size
        826  bytes sent via SQL*Net to client
        381  bytes received via SQL*Net from client
          2  SQL*Net roundtrips to/from client
          0  sorts (memory)
          0  sorts (disk)
         14  rows processed

SQL> DROP INDEX I;

Index dropped.


SQL> SET AUTOTRACE OFF;

*************************************************************************

*)TRIGGER:-

SQL> CREATE TRIGGER T AFTER UPDATE ON EMP
  2  BEGIN
  3  DBMS_OUTPUT.PUT_LINE('RECORD ID UPDATES SUCCESSFULLY');
  4  END;
  5  /

Trigger created.

SQL> UPDATE EMP
  2   SET ENAME='PIYUSH'
  3  WHERE ENAME='SMITH';

1 row updated.

SQL> SET SERVEROUTPUT ON;
SQL> UPDATE EMP
  2   SET ENAME='SMITH'
  3  WHERE ENAME='PIYUSH';
RECORD ID UPDATES SUCCESSFULLY

SQL> DROP TRIGGER T;

Trigger dropped.

------------------------------------------------------------

SQL> CREATE TRIGGER T AFTER INSERT ON EMP
  2  BEGIN
  3  DBMS_OUTPUT.PUT_LINE('RECORD IS INSERTED SUCCESSFULLY');
  4  END;
  5  /

Trigger created.

SQL> INSERT INTO EMP VALUES(7777, 'TEJAL', 'VICE-P',  7839, '18-NOV-81', 4500,3000,10);
RECORD IS INSERTED SUCCESSFULLY

1 row created.

SQL> SELECT * FROM EMP;

     EMPNO ENAME      JOB              MGR HIREDATE         SAL       COMM     DEPTNO
---------- ---------- --------- ---------- --------- ---------- ---------- ----------
      7777 TEJAL      VICE-P          7839 18-NOV-81       4500       3000         10
      7369 SMITH      CLERK           7902 17-DEC-80        800                    20
      7499 ALLEN      SALESMAN        7698 20-FEB-81       1600        300         30
      7521 WARD       SALESMAN        7698 22-FEB-81       1250        500         30
      7566 JONES      MANAGER         7839 02-APR-81       2975                    20
      7654 MARTIN     SALESMAN        7698 28-SEP-81       1250       1400         30
      7698 BLAKE      MANAGER         7839 01-MAY-81       2850                    30
      7782 CLARK      MANAGER         7839 09-JUN-81       2450                    10
      7788 SCOTT      ANALYST         7566 19-APR-87       3000                    20
      7839 KING       PRESIDENT            17-NOV-81       5000                    10
      7844 TURNER     SALESMAN        7698 08-SEP-81       1500          0         30
      7876 ADAMS      CLERK           7788 23-MAY-87       1100                    20
      7900 JAMES      CLERK           7698 03-DEC-81        950                    30
      7902 FORD       ANALYST         7566 03-DEC-81       3000                    20
      7934 MILLER     CLERK           7782 23-JAN-82       1300                    10

15 rows selected.

SQL> DROP TRIGGER T;

Trigger dropped.

------------------------------------------------------------------

SQL> CREATE TRIGGER T AFTER DELETE ON EMP
  2  BEGIN
  3  DBMS_OUTPUT.PUT_LINE('RECORD DELETED SUCCESSFULLY');
  4  END;
  5  /

Trigger created.

SQL> DELETE FROM EMP
  2  WHERE ENAME='TEJAL';
RECORD DELETED SUCCESSFULLY

1 row deleted.

SQL>  DELETE FROM EMP
  2   WHERE ENAME='TEJAL';

1 row deleted.

SQL> SELECT * FROM EMP;

     EMPNO ENAME      JOB              MGR HIREDATE         SAL       COMM     DEPTNO
---------- ---------- --------- ---------- --------- ---------- ---------- ----------
      7369 SMITH      CLERK           7902 17-DEC-80        800                    20
      7499 ALLEN      SALESMAN        7698 20-FEB-81       1600        300         30
      7521 WARD       SALESMAN        7698 22-FEB-81       1250        500         30
      7566 JONES      MANAGER         7839 02-APR-81       2975                    20
      7654 MARTIN     SALESMAN        7698 28-SEP-81       1250       1400         30
      7698 BLAKE      MANAGER         7839 01-MAY-81       2850                    30
      7782 CLARK      MANAGER         7839 09-JUN-81       2450                    10
      7788 SCOTT      ANALYST         7566 19-APR-87       3000                    20
      7839 KING       PRESIDENT            17-NOV-81       5000                    10
      7844 TURNER     SALESMAN        7698 08-SEP-81       1500          0         30
      7876 ADAMS      CLERK           7788 23-MAY-87       1100                    20
      7900 JAMES      CLERK           7698 03-DEC-81        950                    30
      7902 FORD       ANALYST         7566 03-DEC-81       3000                    20
      7934 MILLER     CLERK           7782 23-JAN-82       1300                    10

14 rows selected.



SQL> DROP TRIGGER T;

Trigger dropped.


-)ROW-LEVEL TRIGGER :- IT USED FOR EACH AND EVERY RECORD.

SQL> CREATE TRIGGER T AFTER UPDATED ON DEPT FOR EACH ROW
2 BEGIN
3 DBMS_OUTPUT.PUT_LINE('RECORD IS UPDATED');
4 END;
5 /

Trigger created.

SQL>UPDATE DEPT
1 SET LOC = 'PUNE';

RECORD IS UPDATED
RECORD IS UPDATED
RECORD IS UPDATED
RECORD IS UPDATED

4 rows selected.


*************************************************************************88

*)CURSOR :-

SQL> BEGIN 
  2  UPDATE EMP
  3  SET SAL = SAL+100
  4  WHERE ENAME = 'SMITH';
  5  IF SQL%FOUND THEN
  6  DBMS_OUTPUT.PUT_LINE('RECORD IS FOUND AND UPDATED');
  7  ELSE
  8  DBMS_OUTPUT.PUT_LINE('RECORD IS NOT FOUND AND NOT UPDATED');
  9  END IF;
 10  END;
 11  /
RECORD IS FOUND AND UPDATED

PL/SQL procedure successfully completed.


SQL> SELECT * FROM EMP;

     EMPNO ENAME      JOB              MGR HIREDATE         SAL       COMM     DEPTNO
---------- ---------- --------- ---------- --------- ---------- ---------- ----------
      7369 SMITH      CLERK           7902 17-DEC-80        900                    20
      7499 ALLEN      SALESMAN        7698 20-FEB-81       1600        300         30
      7521 WARD       SALESMAN        7698 22-FEB-81       1250        500         30
      7566 JONES      MANAGER         7839 02-APR-81       2975                    20
      7654 MARTIN     SALESMAN        7698 28-SEP-81       1250       1400         30
      7698 BLAKE      MANAGER         7839 01-MAY-81       2850                    30
      7782 CLARK      MANAGER         7839 09-JUN-81       2450                    10
      7788 SCOTT      ANALYST         7566 19-APR-87       3000                    20
      7839 KING       PRESIDENT            17-NOV-81       5000                    10
      7844 TURNER     SALESMAN        7698 08-SEP-81       1500          0         30
      7876 ADAMS      CLERK           7788 23-MAY-87       1100                    20
      7900 JAMES      CLERK           7698 03-DEC-81        950                    30
      7902 FORD       ANALYST         7566 03-DEC-81       3000                    20
      7934 MILLER     CLERK           7782 23-JAN-82       1300                    10

14 rows selected.

SQL> BEGIN 
  2  UPDATE EMP
  3  SET SAL = SAL+100
  4  WHERE ENAME = 'smith';
  5  IF SQL%FOUND THEN
  6  DBMS_OUTPUT.PUT_LINE('RECORD IS FOUND AND UPDATED');
  7  ELSE
  8  DBMS_OUTPUT.PUT_LINE('RECORD IS NOT FOUND AND NOT UPDATED');
  9  END IF;
 10  END;
 11  /
RECORD IS NOT FOUND AND NOT UPDATED

PL/SQL procedure successfully completed.













































































