1. WAQTD NAME OF SMITHS MANAGER.

SQL> SELECT ENAME, JOB FROM EMP WHERE EMPNO = (SELECT
  2  MGR FROM EMP WHERE ENAME ='SMITH');

ENAME      JOB
---------- ---------
FORD       ANALYST

2. WAQTD NAME OF MILLERS MANAGER.

SQL> SELECT ENAME FROM EMP
  2  WHERE EMPNO = (SELECT MGR FROM EMP
  3  WHERE ENAME = 'MILLER');

ENAME
----------
CLARK

3. WAQTD NAME OF ALLENS MANAGER.

SQL>  SELECT ENAME FROM EMP
  2   WHERE EMPNO = (SELECT MGR FROM EMP
  3   WHERE ENAME = 'ALLEN');

ENAME
----------
BLAKE

4. WAQTD NAME OF MARTINS MANAGERS MANAGER.

SQL>  SELECT ENAME FROM EMP 
  2   WHERE EMPNO = (SELECT MGR FROM EMP
  3   WHERE EMPNO = (SELECT MGR FROM EMP
  4   WHERE ENAME = 'MARTIN')
  5  );

ENAME
----------
KING

5. WAQTD NAME OF SMITHS MANAGERS MANAGER.

SQL>  SELECT ENAME FROM EMP 
  2   WHERE EMPNO = (SELECT MGR FROM EMP
  3   WHERE EMPNO = (SELECT MGR FROM EMP
  4   WHERE ENAME = 'SMITH'));

ENAME
----------
JONES

6. WAQTD NAME OF ADAMS MANAGERS MANAGER.

SQL>  SELECT ENAME FROM EMP 
  2   WHERE EMPNO = (SELECT MGR FROM EMP
  3   WHERE EMPNO = (SELECT MGR FROM EMP
  4   WHERE ENAME = 'ADAMS'));

ENAME
----------
JONES


7. WAQTD LOCATION OF SCOTTS MANAGER.

SQL>  SELECT LOC FROM DEPT WHERE DEPTNO =
  2  (SELECT DEPTNO FROM EMP WHERE EMPNO = 
  3   (SELECT MGR FROM EMP WHERE ENAME = 'SCOTT'));

LOC
-------------
DALLAS

8.WAQTD DEPT NAME OF FORDS MANAGERS MANAGER.

SQL> SELECT DNAME FROM DEPT 
  2  WHERE DEPTNO = 
  3  (SELECT DEPTNO FROM EMP
  4  WHERE EMPNO = 
  5  (SELECT MGR FROM EMP
  6  WHERE EMPNO =
  7  (SELECT MGR FROM EMP
  8  WHERE ENAME = 'FORD')));

DNAME
--------------
ACCOUNTING

9. WAQTD DNAME OF MILLERS MANAGER.

SQL>  SELECT DNAME FROM DEPT 
  2   WHERE DEPTNO = 
  3   (SELECT DEPTNO FROM EMP
  4   WHERE EMPNO = 
  5   (SELECT MGR FROM EMP
  6  WHERE ENAME ='MILLER'));

DNAME
--------------
ACCOUNTING

10. WAQTD NAME OF EMP REPORTING TO KING.

SQL> SELECT ENAME FROM EMP
  2  WHERE MGR = 
  3  (SELECT EMPNO FROM EMP 
  4  WHERE ENAME = 'KING');

ENAME
----------
JONES
BLAKE
CLARK

11.WAQTD NAME OF EMP REPORTING TO FORD.

SQL> SELECT ENAME FROM EMP
  2  WHERE MGR = 
  3  (SELECT EMPNO FROM EMP
  4  WHERE ENAME = 'FORD');

ENAME
----------
SMITH

12. WAQTD NAME OF EMP REPORTING TO BLAKES MANAGER.

SQL>  SELECT ENAME FROM EMP
  2   WHERE MGR =
  3   (SELECT EMPNO FROM EMP
  4   WHERE EMPNO = 
  5   (SELECT MGR FROM EMP
  6   WHERE ENAME = 'BLAKE'));

ENAME
----------
JONES
BLAKE
CLARK

13. WAQTD NAME OF EMP REPORTING TO FORDS MANAGER.
SQL>  SELECT ENAME FROM EMP
  2   WHERE MGR =
  3   (SELECT EMPNO FROM EMP
  4   WHERE EMPNO = 
  5   (SELECT MGR FROM EMP
  6   WHERE ENAME = 'FORD'));

ENAME
----------
SCOTT
FORD

14. WAQTD NAME OF EMP WHO DOES NOT DIRECTLY REPORT TO KING.

SQL> SELECT ENAME FROM EMP
  2  WHERE MGR !=
  3  (SELECT EMPNO FROM EMP
  4  WHERE ENAME = 'KING');

ENAME
----------
SMITH
ALLEN
WARD
MARTIN
SCOTT
TURNER
ADAMS
JAMES
FORD
MILLER

10 rows selected.

******************************************
NOTE :-
TO FIND MANAGER:
EMPNO(OUTER QUERY) -> MGR(INNER QUERY)
TO FIND REPORTING:
MGR(OUTER QUERY) -> EMPNO(INNER QUERY)
******************************************

15.WAQTD NAME OF EMP WHO IS DOES NOT DIRECLY REPORT TO JONES.

SQL>  SELECT ENAME FROM EMP
  2   WHERE MGR !=
  3   (SELECT EMPNO FROM EMP
  4   WHERE ENAME = 'JONES');

ENAME
----------
SMITH
ALLEN
WARD
JONES
MARTIN
BLAKE
CLARK
TURNER
ADAMS
JAMES
MILLER

11 rows selected.

16. WAQTD NAME OF EMP REPORTING TO MILLERS MANAGERS MANAGER.

SQL>   SELECT ENAME FROM EMP
  2    WHERE MGR =
  3   (SELECT EMPNO FROM EMP
  4   WHERE EMPNO = 
  5   (SELECT MGR FROM EMP
  6    WHERE EMPNO =
  7   (SELECT MGR FROM EMP
  8   WHERE ENAME = 'MILLER')));

ENAME
----------
JONES
BLAKE
CLARK




















































































































































































