1. WAQTD NAME OF THE EMPLOYEE AND HIS MANAGER'S NAME IF EMPLOYEE IS WORKING AS CLERK.

SQL> SELECT E.ENAME, M.ENAME MNAME
  2  FROM EMP E, EMP M
  3  WHERE E.MGR = M.EMPNO
  4  AND E.JOB = 'CLERK';

ENAME      MNAME
---------- ----------
SMITH      FORD
ADAMS      SCOTT
JAMES      BLAKE
MILLER     CLARK

 
2.WAQTD NAME OF THE EMPLOYEE AND MANAGER'S DESIGNATION IF MANAGER WORKS IN DEPT 10 OR 20. 

SQL> SELECT E.ENAME, M.ENAME MNAME, M.JOB MJOB
  2  FROM EMP E, EMP M
  3  WHERE E.MGR = M.EMPNO
  4  AND M.DEPTNO IN(10, 20);

ENAME      MNAME      MJOB
---------- ---------- ---------
SMITH      FORD       ANALYST
JONES      KING       PRESIDENT
BLAKE      KING       PRESIDENT
CLARK      KING       PRESIDENT
SCOTT      JONES      MANAGER
ADAMS      SCOTT      ANALYST
FORD       JONES      MANAGER
MILLER     CLARK      MANAGER

8 rows selected.

3.WAQTD NAME OF THE EMP AND MANAGERS SALARY IF EMPLOYEE AND MANAGER BOTH EARN MORE THAN 2300. 

SQL> SELECT E.ENAME, M.ENAME MNAME, M.SAL MSAL
  2  FROM EMP E, EMP M
  3  WHERE E.SAL > 2300 AND M.SAL > 2300
  4  AND E.MGR = M.EMPNO;

ENAME      MNAME            MSAL
---------- ---------- ----------
JONES      KING             5000
BLAKE      KING             5000
CLARK      KING             5000
SCOTT      JONES            2975
FORD       JONES            2975

4.WAQTD EMP NAME AND MANAGER'S HIREDATE IF EMPLOYEE WAS HIRED BEFORE 1982.

SQL> SELECT E.ENAME, M.ENAME MNAME, M.HIREDATE MHIREDATE
  2  FROM EMP E, EMP M
  3  WHERE E.MGR = M.EMPNO
  4  AND E.HIREDATE < '31-DEC-1981';

ENAME      MNAME      MHIREDATE
---------- ---------- ---------
SMITH      FORD       03-DEC-81
ALLEN      BLAKE      01-MAY-81
WARD       BLAKE      01-MAY-81
JONES      KING       17-NOV-81
MARTIN     BLAKE      01-MAY-81
BLAKE      KING       17-NOV-81
CLARK      KING       17-NOV-81
TURNER     BLAKE      01-MAY-81
JAMES      BLAKE      01-MAY-81
FORD       JONES      02-APR-81

10 rows selected.

5.WAQTD EMP NAME AND MANAGER'S COMM IF EMPLOYEE WORKS AS SALESMAN AND MANAGER.
 
SQL> SELECT E.ENAME, M.ENAME MNAME, M.COMM MCOMM
  2  FROM EMP E, EMP M
  3  WHERE E.MGR = M.EMPNO
  4  AND E.JOB = 'SALESMAN' AND E.JOB = 'MANAGER';

no rows selected

6.WAQTD EMP NAME AND MANAGER NAME AND THEIR SALARIES IF EMPLOYEE EARNS MORE THAN MANAGER.
 
SQL> SELECT E.ENAME, M.ENAME MNAME, E.SAL ESAL, M.SAL MSAL
  2  FROM EMP E, EMP M
  3  WHERE E.MGR=M.EMPNO
  4  AND E.SAL > M.SAL;

ENAME      MNAME            ESAL       MSAL
---------- ---------- ---------- ----------
SCOTT      JONES            3000       2975
FORD       JONES            3000       2975

7.WAQTD EMP NAME AND HIREDATE, MANAGER NAME IF MANAGER WAS HIRED BEFORE EMPLOYEE.

SQL> SELECT E.ENAME, M.ENAME MNAME, E.HIREDATE EHIREDATE, M.DEPTNO MDEPTNO
  2  FROM EMP E, EMP M
  3  WHERE E.MGR = M.EMPNO
  4  AND E.HIREDATE > M.HIREDATE;

ENAME      MNAME      EHIREDATE    MDEPTNO
---------- ---------- --------- ----------
MARTIN     BLAKE      28-SEP-81         30
SCOTT      JONES      19-APR-87         20
TURNER     BLAKE      08-SEP-81         30
ADAMS      SCOTT      23-MAY-87         20
JAMES      BLAKE      03-DEC-81         30
FORD       JONES      03-DEC-81         20
MILLER     CLARK      23-JAN-82         10

7 rows selected.

8.WAQTD EMP NAME AND MANAGER NAME IF BOTH ARE WORKING IN SAME JOB.

SQL> SELECT E.ENAME, M.ENAME MNAME, E.JOB EJOB, M.JOB MJOB
  2  FROM EMP E, EMP M
  3  WHERE E.MGR = M.EMPNO
  4  AND E.JOB = M.JOB;

no rows selected

9. WAQTD EMP NAME AND MANAGER NAME IF MANAGER IS WORKING AS ACTUAL MANAGER.

SQL> SELECT E.ENAME, M.ENAME MNAME, M.JOB MJOB
  2  FROM EMP E, EMP M
  3  WHERE E.MGR = M.EMPNO
  4  AND M.JOB = 'MANAGER';

ENAME      MNAME      MJOB
---------- ---------- ---------
ALLEN      BLAKE      MANAGER
WARD       BLAKE      MANAGER
MARTIN     BLAKE      MANAGER
SCOTT      JONES      MANAGER
TURNER     BLAKE      MANAGER
JAMES      BLAKE      MANAGER
FORD       JONES      MANAGER
MILLER     CLARK      MANAGER

8 rows selected.

10.WAQTD EMP NAME AND MANAGER NAME ALONG WITH THEIR ANNUAL SALARIES IF EMPLOYEE WORKS IN DEPT 10, 20 AND MANAGER'S SAL IS GREATER THAN EMPLOYEES SALARY.

SQL> SELECT E.ENAME, M.ENAME MNAME, M.SAL*12 MSAL
  2  FROM EMP E, EMP M
  3  WHERE E.MGR = M.EMPNO
  4  AND E.DEPTNO = 10 AND E.DEPTNO = 20
  5  AND M.SAL > E.SAL;

no rows selected

11.WAQTD EMPLOYEE'S NAME AND MANAGER'S DESIGNATION FOR ALL THE EMPLOYEES

SQL> SELECT E.ENAME, M.ENAME MNAME, M.JOB MJOB
  2  FROM EMP E, EMP M
  3  WHERE E.MGR = M.EMPNO
  4  ;

ENAME      MNAME      MJOB
---------- ---------- ---------
SMITH      FORD       ANALYST
ALLEN      BLAKE      MANAGER
WARD       BLAKE      MANAGER
JONES      KING       PRESIDENT
MARTIN     BLAKE      MANAGER
BLAKE      KING       PRESIDENT
CLARK      KING       PRESIDENT
SCOTT      JONES      MANAGER
TURNER     BLAKE      MANAGER
ADAMS      SCOTT      ANALYST
JAMES      BLAKE      MANAGER
FORD       JONES      MANAGER
MILLER     CLARK      MANAGER

13 rows selected.

12.WAQTD EMPLOYEE'S NAME AND MANAGER'S SALARY FOR ALL THE EMPLOYEES IF MANAGER'S SALARY ENDS WITH 50.

SQL> SELECT E.ENAME, M.ENAME MNAME, M.SAL MSAL
  2  FROM EMP E, EMP M
  3  WHERE E.MGR = M.EMPNO
  4  AND M.SAL LIKE '%50';

ENAME      MNAME            MSAL
---------- ---------- ----------
ALLEN      BLAKE            2850
WARD       BLAKE            2850
MARTIN     BLAKE            2850
TURNER     BLAKE            2850
JAMES      BLAKE            2850
MILLER     CLARK            2450

6 rows selected.



















